{"vertices":[{"@id":1,"shape":{"type":"rectangle","xposition":"NaN","yposition":"NaN","width":"NaN","height":"NaN","color":{"argb":"ff000000"}},"labelManager":{"labels":[{"type":"text","@id":2,"inputText":"8a2f6677986822b5","font":{"fontName":"SansSerif.plain","style":0,"size":10},"noBreak":false,"color":{"argb":"ff000000"},"placement":"FREE","horizontalPlacement":"FREE","verticalPlacement":"FREE","showLabel":true,"shape":null,"layoutText":null}],"mainLabel":2},"portCompositions":[{"type":"portGroup","@id":3,"ordered":false,"portCompositions":[{"type":"port","@id":4,"shape":{"type":"rectangle","xposition":"NaN","yposition":"NaN","width":"NaN","height":"NaN","color":{"argb":"ff000000"}},"labelManager":{"labels":[{"type":"text","@id":5,"inputText":"A.1","font":{"fontName":"SansSerif.plain","style":0,"size":10},"noBreak":false,"color":{"argb":"ff000000"},"placement":"FREE","horizontalPlacement":"FREE","verticalPlacement":"FREE","showLabel":true,"shape":null,"layoutText":null}],"mainLabel":5},"orientationAtVertex":"FREE","reference":null}],"reference":null}],"reference":null},{"@id":6,"shape":{"type":"rectangle","xposition":"NaN","yposition":"NaN","width":"NaN","height":"NaN","color":{"argb":"ff000000"}},"labelManager":{"labels":[{"type":"text","@id":7,"inputText":"9e7ff8b1f63db57c","font":{"fontName":"SansSerif.plain","style":0,"size":10},"noBreak":false,"color":{"argb":"ff000000"},"placement":"FREE","horizontalPlacement":"FREE","verticalPlacement":"FREE","showLabel":true,"shape":null,"layoutText":null}],"mainLabel":7},"portCompositions":[{"type":"portGroup","@id":8,"ordered":false,"portCompositions":[{"type":"port","@id":9,"shape":{"type":"rectangle","xposition":"NaN","yposition":"NaN","width":"NaN","height":"NaN","color":{"argb":"ff000000"}},"labelManager":{"labels":[{"type":"text","@id":10,"inputText":"B.1","font":{"fontName":"SansSerif.plain","style":0,"size":10},"noBreak":false,"color":{"argb":"ff000000"},"placement":"FREE","horizontalPlacement":"FREE","verticalPlacement":"FREE","showLabel":true,"shape":null,"layoutText":null}],"mainLabel":10},"orientationAtVertex":"FREE","reference":null}],"reference":null}],"reference":null},{"@id":11,"shape":{"type":"rectangle","xposition":"NaN","yposition":"NaN","width":"NaN","height":"NaN","color":{"argb":"ff000000"}},"labelManager":{"labels":[{"type":"text","@id":12,"inputText":"2e8f41d2ec620f02","font":{"fontName":"SansSerif.plain","style":0,"size":10},"noBreak":false,"color":{"argb":"ff000000"},"placement":"FREE","horizontalPlacement":"FREE","verticalPlacement":"FREE","showLabel":true,"shape":null,"layoutText":null}],"mainLabel":12},"portCompositions":[{"type":"portGroup","@id":13,"ordered":false,"portCompositions":[{"type":"port","@id":14,"shape":{"type":"rectangle","xposition":"NaN","yposition":"NaN","width":"NaN","height":"NaN","color":{"argb":"ff000000"}},"labelManager":{"labels":[{"type":"text","@id":15,"inputText":"A.1","font":{"fontName":"SansSerif.plain","style":0,"size":10},"noBreak":false,"color":{"argb":"ff000000"},"placement":"FREE","horizontalPlacement":"FREE","verticalPlacement":"FREE","showLabel":true,"shape":null,"layoutText":null}],"mainLabel":15},"orientationAtVertex":"FREE","reference":null}],"reference":null}],"reference":null},{"@id":16,"shape":{"type":"rectangle","xposition":"NaN","yposition":"NaN","width":"NaN","height":"NaN","color":{"argb":"ff000000"}},"labelManager":{"labels":[{"type":"text","@id":17,"inputText":"6f668764adc9da3e","font":{"fontName":"SansSerif.plain","style":0,"size":10},"noBreak":false,"color":{"argb":"ff000000"},"placement":"FREE","horizontalPlacement":"FREE","verticalPlacement":"FREE","showLabel":true,"shape":null,"layoutText":null}],"mainLabel":17},"portCompositions":[{"type":"portGroup","@id":18,"ordered":false,"portCompositions":[{"type":"port","@id":19,"shape":{"type":"rectangle","xposition":"NaN","yposition":"NaN","width":"NaN","height":"NaN","color":{"argb":"ff000000"}},"labelManager":{"labels":[{"type":"text","@id":20,"inputText":"B.1","font":{"fontName":"SansSerif.plain","style":0,"size":10},"noBreak":false,"color":{"argb":"ff000000"},"placement":"FREE","horizontalPlacement":"FREE","verticalPlacement":"FREE","showLabel":true,"shape":null,"layoutText":null}],"mainLabel":20},"orientationAtVertex":"FREE","reference":null}],"reference":null}],"reference":null},{"@id":21,"shape":{"type":"rectangle","xposition":"NaN","yposition":"NaN","width":"NaN","height":"NaN","color":{"argb":"ff000000"}},"labelManager":{"labels":[{"type":"text","@id":22,"inputText":"9ed8ba5e1d0674d3","font":{"fontName":"SansSerif.plain","style":0,"size":10},"noBreak":false,"color":{"argb":"ff000000"},"placement":"FREE","horizontalPlacement":"FREE","verticalPlacement":"FREE","showLabel":true,"shape":null,"layoutText":null}],"mainLabel":22},"portCompositions":[{"type":"portGroup","@id":23,"ordered":false,"portCompositions":[{"type":"port","@id":24,"shape":{"type":"rectangle","xposition":"NaN","yposition":"NaN","width":"NaN","height":"NaN","color":{"argb":"ff000000"}},"labelManager":{"labels":[{"type":"text","@id":25,"inputText":"A.2","font":{"fontName":"SansSerif.plain","style":0,"size":10},"noBreak":false,"color":{"argb":"ff000000"},"placement":"FREE","horizontalPlacement":"FREE","verticalPlacement":"FREE","showLabel":true,"shape":null,"layoutText":null}],"mainLabel":25},"orientationAtVertex":"FREE","reference":null},{"type":"port","@id":26,"shape":{"type":"rectangle","xposition":"NaN","yposition":"NaN","width":"NaN","height":"NaN","color":{"argb":"ff000000"}},"labelManager":{"labels":[{"type":"text","@id":27,"inputText":"A.1","font":{"fontName":"SansSerif.plain","style":0,"size":10},"noBreak":false,"color":{"argb":"ff000000"},"placement":"FREE","horizontalPlacement":"FREE","verticalPlacement":"FREE","showLabel":true,"shape":null,"layoutText":null}],"mainLabel":27},"orientationAtVertex":"FREE","reference":null}],"reference":null}],"reference":null},{"@id":28,"shape":{"type":"rectangle","xposition":"NaN","yposition":"NaN","width":"NaN","height":"NaN","color":{"argb":"ff000000"}},"labelManager":{"labels":[{"type":"text","@id":29,"inputText":"d4315a1791842e4e","font":{"fontName":"SansSerif.plain","style":0,"size":10},"noBreak":false,"color":{"argb":"ff000000"},"placement":"FREE","horizontalPlacement":"FREE","verticalPlacement":"FREE","showLabel":true,"shape":null,"layoutText":null}],"mainLabel":29},"portCompositions":[{"type":"portGroup","@id":30,"ordered":false,"portCompositions":[{"type":"port","@id":31,"shape":{"type":"rectangle","xposition":"NaN","yposition":"NaN","width":"NaN","height":"NaN","color":{"argb":"ff000000"}},"labelManager":{"labels":[{"type":"text","@id":32,"inputText":"B.2","font":{"fontName":"SansSerif.plain","style":0,"size":10},"noBreak":false,"color":{"argb":"ff000000"},"placement":"FREE","horizontalPlacement":"FREE","verticalPlacement":"FREE","showLabel":true,"shape":null,"layoutText":null}],"mainLabel":32},"orientationAtVertex":"FREE","reference":null},{"type":"port","@id":33,"shape":{"type":"rectangle","xposition":"NaN","yposition":"NaN","width":"NaN","height":"NaN","color":{"argb":"ff000000"}},"labelManager":{"labels":[{"type":"text","@id":34,"inputText":"B.1","font":{"fontName":"SansSerif.plain","style":0,"size":10},"noBreak":false,"color":{"argb":"ff000000"},"placement":"FREE","horizontalPlacement":"FREE","verticalPlacement":"FREE","showLabel":true,"shape":null,"layoutText":null}],"mainLabel":34},"orientationAtVertex":"FREE","reference":null}],"reference":null}],"reference":null},{"@id":35,"shape":{"type":"rectangle","xposition":"NaN","yposition":"NaN","width":"NaN","height":"NaN","color":{"argb":"ff000000"}},"labelManager":{"labels":[{"type":"text","@id":36,"inputText":"f01cf94297ec80a1","font":{"fontName":"SansSerif.plain","style":0,"size":10},"noBreak":false,"color":{"argb":"ff000000"},"placement":"FREE","horizontalPlacement":"FREE","verticalPlacement":"FREE","showLabel":true,"shape":null,"layoutText":null}],"mainLabel":36},"portCompositions":[{"type":"portGroup","@id":37,"ordered":false,"portCompositions":[{"type":"port","@id":38,"shape":{"type":"rectangle","xposition":"NaN","yposition":"NaN","width":"NaN","height":"NaN","color":{"argb":"ff000000"}},"labelManager":{"labels":[{"type":"text","@id":39,"inputText":"A.1","font":{"fontName":"SansSerif.plain","style":0,"size":10},"noBreak":false,"color":{"argb":"ff000000"},"placement":"FREE","horizontalPlacement":"FREE","verticalPlacement":"FREE","showLabel":true,"shape":null,"layoutText":null}],"mainLabel":39},"orientationAtVertex":"FREE","reference":null}],"reference":null}],"reference":null},{"@id":40,"shape":{"type":"rectangle","xposition":"NaN","yposition":"NaN","width":"NaN","height":"NaN","color":{"argb":"ff000000"}},"labelManager":{"labels":[{"type":"text","@id":41,"inputText":"e157fe9837a59a20","font":{"fontName":"SansSerif.plain","style":0,"size":10},"noBreak":false,"color":{"argb":"ff000000"},"placement":"FREE","horizontalPlacement":"FREE","verticalPlacement":"FREE","showLabel":true,"shape":null,"layoutText":null}],"mainLabel":41},"portCompositions":[{"type":"portGroup","@id":42,"ordered":false,"portCompositions":[{"type":"port","@id":43,"shape":{"type":"rectangle","xposition":"NaN","yposition":"NaN","width":"NaN","height":"NaN","color":{"argb":"ff000000"}},"labelManager":{"labels":[{"type":"text","@id":44,"inputText":"B.1","font":{"fontName":"SansSerif.plain","style":0,"size":10},"noBreak":false,"color":{"argb":"ff000000"},"placement":"FREE","horizontalPlacement":"FREE","verticalPlacement":"FREE","showLabel":true,"shape":null,"layoutText":null}],"mainLabel":44},"orientationAtVertex":"FREE","reference":null}],"reference":null}],"reference":null},{"@id":45,"shape":null,"labelManager":{"labels":[{"type":"text","@id":46,"inputText":"e0059aa71097389e","font":{"fontName":"SansSerif.plain","style":0,"size":10},"noBreak":false,"color":{"argb":"ff000000"},"placement":"FREE","horizontalPlacement":"FREE","verticalPlacement":"FREE","showLabel":true,"shape":null,"layoutText":null}],"mainLabel":46},"portCompositions":[{"type":"portGroup","@id":47,"ordered":false,"portCompositions":[{"type":"port","@id":48,"shape":{"type":"rectangle","xposition":"NaN","yposition":"NaN","width":"NaN","height":"NaN","color":{"argb":"ff000000"}},"labelManager":{"labels":[{"type":"text","@id":49,"inputText":"A.1","font":{"fontName":"SansSerif.plain","style":0,"size":10},"noBreak":false,"color":{"argb":"ff000000"},"placement":"FREE","horizontalPlacement":"FREE","verticalPlacement":"FREE","showLabel":true,"shape":null,"layoutText":null}],"mainLabel":49},"orientationAtVertex":"FREE","reference":null}],"reference":null}],"reference":null},{"@id":50,"shape":null,"labelManager":{"labels":[{"type":"text","@id":51,"inputText":"9f1555b7e7878492","font":{"fontName":"SansSerif.plain","style":0,"size":10},"noBreak":false,"color":{"argb":"ff000000"},"placement":"FREE","horizontalPlacement":"FREE","verticalPlacement":"FREE","showLabel":true,"shape":null,"layoutText":null}],"mainLabel":51},"portCompositions":[{"type":"portGroup","@id":52,"ordered":false,"portCompositions":[{"type":"port","@id":53,"shape":{"type":"rectangle","xposition":"NaN","yposition":"NaN","width":"NaN","height":"NaN","color":{"argb":"ff000000"}},"labelManager":{"labels":[{"type":"text","@id":54,"inputText":"B.1","font":{"fontName":"SansSerif.plain","style":0,"size":10},"noBreak":false,"color":{"argb":"ff000000"},"placement":"FREE","horizontalPlacement":"FREE","verticalPlacement":"FREE","showLabel":true,"shape":null,"layoutText":null}],"mainLabel":54},"orientationAtVertex":"FREE","reference":null}],"reference":null}],"reference":null},{"@id":55,"shape":null,"labelManager":{"labels":[{"type":"text","@id":56,"inputText":"b2ce139ee1a1a8e9","font":{"fontName":"SansSerif.plain","style":0,"size":10},"noBreak":false,"color":{"argb":"ff000000"},"placement":"FREE","horizontalPlacement":"FREE","verticalPlacement":"FREE","showLabel":true,"shape":null,"layoutText":null}],"mainLabel":56},"portCompositions":[{"type":"portGroup","@id":57,"ordered":false,"portCompositions":[{"type":"port","@id":58,"shape":{"type":"rectangle","xposition":"NaN","yposition":"NaN","width":"NaN","height":"NaN","color":{"argb":"ff000000"}},"labelManager":{"labels":[{"type":"text","@id":59,"inputText":"A.1","font":{"fontName":"SansSerif.plain","style":0,"size":10},"noBreak":false,"color":{"argb":"ff000000"},"placement":"FREE","horizontalPlacement":"FREE","verticalPlacement":"FREE","showLabel":true,"shape":null,"layoutText":null}],"mainLabel":59},"orientationAtVertex":"FREE","reference":null}],"reference":null}],"reference":null},{"@id":60,"shape":null,"labelManager":{"labels":[{"type":"text","@id":61,"inputText":"69e64aa4a54f25e7","font":{"fontName":"SansSerif.plain","style":0,"size":10},"noBreak":false,"color":{"argb":"ff000000"},"placement":"FREE","horizontalPlacement":"FREE","verticalPlacement":"FREE","showLabel":true,"shape":null,"layoutText":null}],"mainLabel":61},"portCompositions":[{"type":"portGroup","@id":62,"ordered":false,"portCompositions":[{"type":"port","@id":63,"shape":{"type":"rectangle","xposition":"NaN","yposition":"NaN","width":"NaN","height":"NaN","color":{"argb":"ff000000"}},"labelManager":{"labels":[{"type":"text","@id":64,"inputText":"B.1","font":{"fontName":"SansSerif.plain","style":0,"size":10},"noBreak":false,"color":{"argb":"ff000000"},"placement":"FREE","horizontalPlacement":"FREE","verticalPlacement":"FREE","showLabel":true,"shape":null,"layoutText":null}],"mainLabel":64},"orientationAtVertex":"FREE","reference":null}],"reference":null}],"reference":null}],"vertexGroups":[{"@id":65,"drawnFrame":false,"labelManager":{"labels":[],"mainLabel":null},"shape":null,"containedVertices":[1,6],"containedVertexGroups":[],"touchingPairs":[{"vertex0":1,"horizontalPlacementVertex0":"FREE","verticalPlacementVertex0":"TOP","vertex1":6,"horizontalPlacementVertex1":"FREE","verticalPlacementVertex1":"FREE"}],"portPairings":[{"port0":4,"port1":9}],"reference":null},{"@id":66,"drawnFrame":false,"labelManager":{"labels":[],"mainLabel":null},"shape":null,"containedVertices":[11,16],"containedVertexGroups":[],"touchingPairs":[{"vertex0":11,"horizontalPlacementVertex0":"FREE","verticalPlacementVertex0":"TOP","vertex1":16,"horizontalPlacementVertex1":"FREE","verticalPlacementVertex1":"FREE"}],"portPairings":[{"port0":14,"port1":19}],"reference":null},{"@id":67,"drawnFrame":false,"labelManager":{"labels":[],"mainLabel":null},"shape":null,"containedVertices":[21,28],"containedVertexGroups":[],"touchingPairs":[{"vertex0":21,"horizontalPlacementVertex0":"FREE","verticalPlacementVertex0":"TOP","vertex1":28,"horizontalPlacementVertex1":"FREE","verticalPlacementVertex1":"FREE"}],"portPairings":[{"port0":26,"port1":33},{"port0":24,"port1":31}],"reference":null},{"@id":68,"drawnFrame":false,"labelManager":{"labels":[],"mainLabel":null},"shape":null,"containedVertices":[35,40],"containedVertexGroups":[],"touchingPairs":[{"vertex0":35,"horizontalPlacementVertex0":"FREE","verticalPlacementVertex0":"TOP","vertex1":40,"horizontalPlacementVertex1":"FREE","verticalPlacementVertex1":"FREE"}],"portPairings":[{"port0":38,"port1":43}],"reference":null},{"@id":69,"drawnFrame":false,"labelManager":{"labels":[],"mainLabel":null},"shape":null,"containedVertices":[45,50],"containedVertexGroups":[],"touchingPairs":[{"vertex0":45,"horizontalPlacementVertex0":"FREE","verticalPlacementVertex0":"FREE","vertex1":50,"horizontalPlacementVertex1":"FREE","verticalPlacementVertex1":"FREE"}],"portPairings":[{"port0":48,"port1":53}],"reference":null},{"@id":70,"drawnFrame":false,"labelManager":{"labels":[],"mainLabel":null},"shape":null,"containedVertices":[55,60],"containedVertexGroups":[],"touchingPairs":[{"vertex0":55,"horizontalPlacementVertex0":"FREE","verticalPlacementVertex0":"FREE","vertex1":60,"horizontalPlacementVertex1":"FREE","verticalPlacementVertex1":"FREE"}],"portPairings":[{"port0":58,"port1":63}],"reference":null}],"edges":[{"@id":71,"ports":[4,19],"labelManager":{"innerLabels":[{"type":"text","@id":72,"inputText":"83a032efee8747cd","font":{"fontName":"SansSerif.plain","style":0,"size":10},"noBreak":false,"color":{"argb":"ff000000"},"placement":"FREE","horizontalPlacement":"FREE","verticalPlacement":"FREE","showLabel":true,"shape":null,"layoutText":null}],"allPortLabels":[],"mainLabel":72},"thickness":-1.0,"color":{"argb":"ff000000"},"paths":[],"reference":null},{"@id":73,"ports":[63,9],"labelManager":{"innerLabels":[{"type":"text","@id":74,"inputText":"6d3ce13f3e1b4d2c","font":{"fontName":"SansSerif.plain","style":0,"size":10},"noBreak":false,"color":{"argb":"ff000000"},"placement":"FREE","horizontalPlacement":"FREE","verticalPlacement":"FREE","showLabel":true,"shape":null,"layoutText":null}],"allPortLabels":[],"mainLabel":74},"thickness":-1.0,"color":{"argb":"ff000000"},"paths":[],"reference":null},{"@id":75,"ports":[43,63],"labelManager":{"innerLabels":[{"type":"text","@id":76,"inputText":"d22371fb6f4c5de6","font":{"fontName":"SansSerif.plain","style":0,"size":10},"noBreak":false,"color":{"argb":"ff000000"},"placement":"FREE","horizontalPlacement":"FREE","verticalPlacement":"FREE","showLabel":true,"shape":null,"layoutText":null}],"allPortLabels":[],"mainLabel":76},"thickness":-1.0,"color":{"argb":"ff000000"},"paths":[],"reference":null},{"@id":77,"ports":[43,53],"labelManager":{"innerLabels":[{"type":"text","@id":78,"inputText":"11bc4cf1099875a2","font":{"fontName":"SansSerif.plain","style":0,"size":10},"noBreak":false,"color":{"argb":"ff000000"},"placement":"FREE","horizontalPlacement":"FREE","verticalPlacement":"FREE","showLabel":true,"shape":null,"layoutText":null}],"allPortLabels":[],"mainLabel":78},"thickness":-1.0,"color":{"argb":"ff000000"},"paths":[],"reference":null},{"@id":79,"ports":[26,48],"labelManager":{"innerLabels":[{"type":"text","@id":80,"inputText":"dd22d5e2b4fb1b32","font":{"fontName":"SansSerif.plain","style":0,"size":10},"noBreak":false,"color":{"argb":"ff000000"},"placement":"FREE","horizontalPlacement":"FREE","verticalPlacement":"FREE","showLabel":true,"shape":null,"layoutText":null}],"allPortLabels":[],"mainLabel":80},"thickness":-1.0,"color":{"argb":"ff000000"},"paths":[],"reference":null}],"edgeBundles":[]}