{"vertices":[{"@id":1,"shape":{"type":"rectangle","xposition":"NaN","yposition":"NaN","width":"NaN","height":"NaN","color":{"argb":"ff000000"}},"labelManager":{"labels":[{"type":"text","@id":2,"inputText":"be346ffbb3aaaf8d","font":{"fontName":"SansSerif.plain","style":0,"size":10},"noBreak":false,"color":{"argb":"ff000000"},"placement":"FREE","horizontalPlacement":"FREE","verticalPlacement":"FREE","showLabel":true,"shape":null,"layoutText":null}],"mainLabel":2},"portCompositions":[{"type":"portGroup","@id":3,"ordered":false,"portCompositions":[{"type":"port","@id":4,"shape":{"type":"rectangle","xposition":"NaN","yposition":"NaN","width":"NaN","height":"NaN","color":{"argb":"ff000000"}},"labelManager":{"labels":[{"type":"text","@id":5,"inputText":"A.1","font":{"fontName":"SansSerif.plain","style":0,"size":10},"noBreak":false,"color":{"argb":"ff000000"},"placement":"FREE","horizontalPlacement":"FREE","verticalPlacement":"FREE","showLabel":true,"shape":null,"layoutText":null}],"mainLabel":5},"orientationAtVertex":"FREE","reference":null}],"reference":null}],"reference":null},{"@id":6,"shape":{"type":"rectangle","xposition":"NaN","yposition":"NaN","width":"NaN","height":"NaN","color":{"argb":"ff000000"}},"labelManager":{"labels":[{"type":"text","@id":7,"inputText":"23a07913a848c431","font":{"fontName":"SansSerif.plain","style":0,"size":10},"noBreak":false,"color":{"argb":"ff000000"},"placement":"FREE","horizontalPlacement":"FREE","verticalPlacement":"FREE","showLabel":true,"shape":null,"layoutText":null}],"mainLabel":7},"portCompositions":[{"type":"portGroup","@id":8,"ordered":false,"portCompositions":[{"type":"port","@id":9,"shape":{"type":"rectangle","xposition":"NaN","yposition":"NaN","width":"NaN","height":"NaN","color":{"argb":"ff000000"}},"labelManager":{"labels":[{"type":"text","@id":10,"inputText":"B.1","font":{"fontName":"SansSerif.plain","style":0,"size":10},"noBreak":false,"color":{"argb":"ff000000"},"placement":"FREE","horizontalPlacement":"FREE","verticalPlacement":"FREE","showLabel":true,"shape":null,"layoutText":null}],"mainLabel":10},"orientationAtVertex":"FREE","reference":null}],"reference":null}],"reference":null},{"@id":11,"shape":{"type":"rectangle","xposition":"NaN","yposition":"NaN","width":"NaN","height":"NaN","color":{"argb":"ff000000"}},"labelManager":{"labels":[{"type":"text","@id":12,"inputText":"64ff08844a749e47","font":{"fontName":"SansSerif.plain","style":0,"size":10},"noBreak":false,"color":{"argb":"ff000000"},"placement":"FREE","horizontalPlacement":"FREE","verticalPlacement":"FREE","showLabel":true,"shape":null,"layoutText":null}],"mainLabel":12},"portCompositions":[{"type":"portGroup","@id":13,"ordered":false,"portCompositions":[{"type":"port","@id":14,"shape":{"type":"rectangle","xposition":"NaN","yposition":"NaN","width":"NaN","height":"NaN","color":{"argb":"ff000000"}},"labelManager":{"labels":[{"type":"text","@id":15,"inputText":"A.1","font":{"fontName":"SansSerif.plain","style":0,"size":10},"noBreak":false,"color":{"argb":"ff000000"},"placement":"FREE","horizontalPlacement":"FREE","verticalPlacement":"FREE","showLabel":true,"shape":null,"layoutText":null}],"mainLabel":15},"orientationAtVertex":"FREE","reference":null}],"reference":null}],"reference":null},{"@id":16,"shape":{"type":"rectangle","xposition":"NaN","yposition":"NaN","width":"NaN","height":"NaN","color":{"argb":"ff000000"}},"labelManager":{"labels":[{"type":"text","@id":17,"inputText":"6c5c22264b628054","font":{"fontName":"SansSerif.plain","style":0,"size":10},"noBreak":false,"color":{"argb":"ff000000"},"placement":"FREE","horizontalPlacement":"FREE","verticalPlacement":"FREE","showLabel":true,"shape":null,"layoutText":null}],"mainLabel":17},"portCompositions":[{"type":"portGroup","@id":18,"ordered":false,"portCompositions":[{"type":"port","@id":19,"shape":{"type":"rectangle","xposition":"NaN","yposition":"NaN","width":"NaN","height":"NaN","color":{"argb":"ff000000"}},"labelManager":{"labels":[{"type":"text","@id":20,"inputText":"B.1","font":{"fontName":"SansSerif.plain","style":0,"size":10},"noBreak":false,"color":{"argb":"ff000000"},"placement":"FREE","horizontalPlacement":"FREE","verticalPlacement":"FREE","showLabel":true,"shape":null,"layoutText":null}],"mainLabel":20},"orientationAtVertex":"FREE","reference":null}],"reference":null}],"reference":null},{"@id":21,"shape":{"type":"rectangle","xposition":"NaN","yposition":"NaN","width":"NaN","height":"NaN","color":{"argb":"ff000000"}},"labelManager":{"labels":[{"type":"text","@id":22,"inputText":"4e70b3bb4dcd16b9","font":{"fontName":"SansSerif.plain","style":0,"size":10},"noBreak":false,"color":{"argb":"ff000000"},"placement":"FREE","horizontalPlacement":"FREE","verticalPlacement":"FREE","showLabel":true,"shape":null,"layoutText":null}],"mainLabel":22},"portCompositions":[{"type":"portGroup","@id":23,"ordered":false,"portCompositions":[{"type":"port","@id":24,"shape":{"type":"rectangle","xposition":"NaN","yposition":"NaN","width":"NaN","height":"NaN","color":{"argb":"ff000000"}},"labelManager":{"labels":[{"type":"text","@id":25,"inputText":"A.1","font":{"fontName":"SansSerif.plain","style":0,"size":10},"noBreak":false,"color":{"argb":"ff000000"},"placement":"FREE","horizontalPlacement":"FREE","verticalPlacement":"FREE","showLabel":true,"shape":null,"layoutText":null}],"mainLabel":25},"orientationAtVertex":"FREE","reference":null}],"reference":null}],"reference":null},{"@id":26,"shape":{"type":"rectangle","xposition":"NaN","yposition":"NaN","width":"NaN","height":"NaN","color":{"argb":"ff000000"}},"labelManager":{"labels":[{"type":"text","@id":27,"inputText":"12dc6c2226007e8f","font":{"fontName":"SansSerif.plain","style":0,"size":10},"noBreak":false,"color":{"argb":"ff000000"},"placement":"FREE","horizontalPlacement":"FREE","verticalPlacement":"FREE","showLabel":true,"shape":null,"layoutText":null}],"mainLabel":27},"portCompositions":[{"type":"portGroup","@id":28,"ordered":false,"portCompositions":[{"type":"port","@id":29,"shape":{"type":"rectangle","xposition":"NaN","yposition":"NaN","width":"NaN","height":"NaN","color":{"argb":"ff000000"}},"labelManager":{"labels":[{"type":"text","@id":30,"inputText":"B.1","font":{"fontName":"SansSerif.plain","style":0,"size":10},"noBreak":false,"color":{"argb":"ff000000"},"placement":"FREE","horizontalPlacement":"FREE","verticalPlacement":"FREE","showLabel":true,"shape":null,"layoutText":null}],"mainLabel":30},"orientationAtVertex":"FREE","reference":null}],"reference":null}],"reference":null},{"@id":31,"shape":{"type":"rectangle","xposition":"NaN","yposition":"NaN","width":"NaN","height":"NaN","color":{"argb":"ff000000"}},"labelManager":{"labels":[{"type":"text","@id":32,"inputText":"5874ef3e2633fbb6","font":{"fontName":"SansSerif.plain","style":0,"size":10},"noBreak":false,"color":{"argb":"ff000000"},"placement":"FREE","horizontalPlacement":"FREE","verticalPlacement":"FREE","showLabel":true,"shape":null,"layoutText":null}],"mainLabel":32},"portCompositions":[{"type":"portGroup","@id":33,"ordered":false,"portCompositions":[{"type":"port","@id":34,"shape":{"type":"rectangle","xposition":"NaN","yposition":"NaN","width":"NaN","height":"NaN","color":{"argb":"ff000000"}},"labelManager":{"labels":[{"type":"text","@id":35,"inputText":"A.3","font":{"fontName":"SansSerif.plain","style":0,"size":10},"noBreak":false,"color":{"argb":"ff000000"},"placement":"FREE","horizontalPlacement":"FREE","verticalPlacement":"FREE","showLabel":true,"shape":null,"layoutText":null}],"mainLabel":35},"orientationAtVertex":"FREE","reference":null},{"type":"port","@id":36,"shape":{"type":"rectangle","xposition":"NaN","yposition":"NaN","width":"NaN","height":"NaN","color":{"argb":"ff000000"}},"labelManager":{"labels":[{"type":"text","@id":37,"inputText":"A.2","font":{"fontName":"SansSerif.plain","style":0,"size":10},"noBreak":false,"color":{"argb":"ff000000"},"placement":"FREE","horizontalPlacement":"FREE","verticalPlacement":"FREE","showLabel":true,"shape":null,"layoutText":null}],"mainLabel":37},"orientationAtVertex":"FREE","reference":null},{"type":"port","@id":38,"shape":{"type":"rectangle","xposition":"NaN","yposition":"NaN","width":"NaN","height":"NaN","color":{"argb":"ff000000"}},"labelManager":{"labels":[{"type":"text","@id":39,"inputText":"A.1","font":{"fontName":"SansSerif.plain","style":0,"size":10},"noBreak":false,"color":{"argb":"ff000000"},"placement":"FREE","horizontalPlacement":"FREE","verticalPlacement":"FREE","showLabel":true,"shape":null,"layoutText":null}],"mainLabel":39},"orientationAtVertex":"FREE","reference":null}],"reference":null}],"reference":null},{"@id":40,"shape":{"type":"rectangle","xposition":"NaN","yposition":"NaN","width":"NaN","height":"NaN","color":{"argb":"ff000000"}},"labelManager":{"labels":[{"type":"text","@id":41,"inputText":"2ac2945c698670c6","font":{"fontName":"SansSerif.plain","style":0,"size":10},"noBreak":false,"color":{"argb":"ff000000"},"placement":"FREE","horizontalPlacement":"FREE","verticalPlacement":"FREE","showLabel":true,"shape":null,"layoutText":null}],"mainLabel":41},"portCompositions":[{"type":"portGroup","@id":42,"ordered":false,"portCompositions":[{"type":"port","@id":43,"shape":{"type":"rectangle","xposition":"NaN","yposition":"NaN","width":"NaN","height":"NaN","color":{"argb":"ff000000"}},"labelManager":{"labels":[{"type":"text","@id":44,"inputText":"B.3","font":{"fontName":"SansSerif.plain","style":0,"size":10},"noBreak":false,"color":{"argb":"ff000000"},"placement":"FREE","horizontalPlacement":"FREE","verticalPlacement":"FREE","showLabel":true,"shape":null,"layoutText":null}],"mainLabel":44},"orientationAtVertex":"FREE","reference":null},{"type":"port","@id":45,"shape":{"type":"rectangle","xposition":"NaN","yposition":"NaN","width":"NaN","height":"NaN","color":{"argb":"ff000000"}},"labelManager":{"labels":[{"type":"text","@id":46,"inputText":"B.2","font":{"fontName":"SansSerif.plain","style":0,"size":10},"noBreak":false,"color":{"argb":"ff000000"},"placement":"FREE","horizontalPlacement":"FREE","verticalPlacement":"FREE","showLabel":true,"shape":null,"layoutText":null}],"mainLabel":46},"orientationAtVertex":"FREE","reference":null},{"type":"port","@id":47,"shape":{"type":"rectangle","xposition":"NaN","yposition":"NaN","width":"NaN","height":"NaN","color":{"argb":"ff000000"}},"labelManager":{"labels":[{"type":"text","@id":48,"inputText":"B.1","font":{"fontName":"SansSerif.plain","style":0,"size":10},"noBreak":false,"color":{"argb":"ff000000"},"placement":"FREE","horizontalPlacement":"FREE","verticalPlacement":"FREE","showLabel":true,"shape":null,"layoutText":null}],"mainLabel":48},"orientationAtVertex":"FREE","reference":null}],"reference":null}],"reference":null},{"@id":49,"shape":{"type":"rectangle","xposition":"NaN","yposition":"NaN","width":"NaN","height":"NaN","color":{"argb":"ff000000"}},"labelManager":{"labels":[{"type":"text","@id":50,"inputText":"a755048cc3824ceb","font":{"fontName":"SansSerif.plain","style":0,"size":10},"noBreak":false,"color":{"argb":"ff000000"},"placement":"FREE","horizontalPlacement":"FREE","verticalPlacement":"FREE","showLabel":true,"shape":null,"layoutText":null}],"mainLabel":50},"portCompositions":[{"type":"portGroup","@id":51,"ordered":false,"portCompositions":[{"type":"port","@id":52,"shape":{"type":"rectangle","xposition":"NaN","yposition":"NaN","width":"NaN","height":"NaN","color":{"argb":"ff000000"}},"labelManager":{"labels":[{"type":"text","@id":53,"inputText":"A.3","font":{"fontName":"SansSerif.plain","style":0,"size":10},"noBreak":false,"color":{"argb":"ff000000"},"placement":"FREE","horizontalPlacement":"FREE","verticalPlacement":"FREE","showLabel":true,"shape":null,"layoutText":null}],"mainLabel":53},"orientationAtVertex":"FREE","reference":null},{"type":"port","@id":54,"shape":{"type":"rectangle","xposition":"NaN","yposition":"NaN","width":"NaN","height":"NaN","color":{"argb":"ff000000"}},"labelManager":{"labels":[{"type":"text","@id":55,"inputText":"A.1","font":{"fontName":"SansSerif.plain","style":0,"size":10},"noBreak":false,"color":{"argb":"ff000000"},"placement":"FREE","horizontalPlacement":"FREE","verticalPlacement":"FREE","showLabel":true,"shape":null,"layoutText":null}],"mainLabel":55},"orientationAtVertex":"FREE","reference":null},{"type":"port","@id":56,"shape":{"type":"rectangle","xposition":"NaN","yposition":"NaN","width":"NaN","height":"NaN","color":{"argb":"ff000000"}},"labelManager":{"labels":[{"type":"text","@id":57,"inputText":"A.2","font":{"fontName":"SansSerif.plain","style":0,"size":10},"noBreak":false,"color":{"argb":"ff000000"},"placement":"FREE","horizontalPlacement":"FREE","verticalPlacement":"FREE","showLabel":true,"shape":null,"layoutText":null}],"mainLabel":57},"orientationAtVertex":"FREE","reference":null}],"reference":null}],"reference":null},{"@id":58,"shape":{"type":"rectangle","xposition":"NaN","yposition":"NaN","width":"NaN","height":"NaN","color":{"argb":"ff000000"}},"labelManager":{"labels":[{"type":"text","@id":59,"inputText":"2fdd37be6a9ef733","font":{"fontName":"SansSerif.plain","style":0,"size":10},"noBreak":false,"color":{"argb":"ff000000"},"placement":"FREE","horizontalPlacement":"FREE","verticalPlacement":"FREE","showLabel":true,"shape":null,"layoutText":null}],"mainLabel":59},"portCompositions":[{"type":"portGroup","@id":60,"ordered":false,"portCompositions":[{"type":"port","@id":61,"shape":{"type":"rectangle","xposition":"NaN","yposition":"NaN","width":"NaN","height":"NaN","color":{"argb":"ff000000"}},"labelManager":{"labels":[{"type":"text","@id":62,"inputText":"B.3","font":{"fontName":"SansSerif.plain","style":0,"size":10},"noBreak":false,"color":{"argb":"ff000000"},"placement":"FREE","horizontalPlacement":"FREE","verticalPlacement":"FREE","showLabel":true,"shape":null,"layoutText":null}],"mainLabel":62},"orientationAtVertex":"FREE","reference":null},{"type":"port","@id":63,"shape":{"type":"rectangle","xposition":"NaN","yposition":"NaN","width":"NaN","height":"NaN","color":{"argb":"ff000000"}},"labelManager":{"labels":[{"type":"text","@id":64,"inputText":"B.1","font":{"fontName":"SansSerif.plain","style":0,"size":10},"noBreak":false,"color":{"argb":"ff000000"},"placement":"FREE","horizontalPlacement":"FREE","verticalPlacement":"FREE","showLabel":true,"shape":null,"layoutText":null}],"mainLabel":64},"orientationAtVertex":"FREE","reference":null},{"type":"port","@id":65,"shape":{"type":"rectangle","xposition":"NaN","yposition":"NaN","width":"NaN","height":"NaN","color":{"argb":"ff000000"}},"labelManager":{"labels":[{"type":"text","@id":66,"inputText":"B.2","font":{"fontName":"SansSerif.plain","style":0,"size":10},"noBreak":false,"color":{"argb":"ff000000"},"placement":"FREE","horizontalPlacement":"FREE","verticalPlacement":"FREE","showLabel":true,"shape":null,"layoutText":null}],"mainLabel":66},"orientationAtVertex":"FREE","reference":null}],"reference":null}],"reference":null},{"@id":67,"shape":null,"labelManager":{"labels":[{"type":"text","@id":68,"inputText":"83ebd03ffc8cc36a","font":{"fontName":"SansSerif.plain","style":0,"size":10},"noBreak":false,"color":{"argb":"ff000000"},"placement":"FREE","horizontalPlacement":"FREE","verticalPlacement":"FREE","showLabel":true,"shape":null,"layoutText":null}],"mainLabel":68},"portCompositions":[{"type":"portGroup","@id":69,"ordered":false,"portCompositions":[{"type":"port","@id":70,"shape":{"type":"rectangle","xposition":"NaN","yposition":"NaN","width":"NaN","height":"NaN","color":{"argb":"ff000000"}},"labelManager":{"labels":[{"type":"text","@id":71,"inputText":"A.1","font":{"fontName":"SansSerif.plain","style":0,"size":10},"noBreak":false,"color":{"argb":"ff000000"},"placement":"FREE","horizontalPlacement":"FREE","verticalPlacement":"FREE","showLabel":true,"shape":null,"layoutText":null}],"mainLabel":71},"orientationAtVertex":"FREE","reference":null},{"type":"port","@id":72,"shape":{"type":"rectangle","xposition":"NaN","yposition":"NaN","width":"NaN","height":"NaN","color":{"argb":"ff000000"}},"labelManager":{"labels":[{"type":"text","@id":73,"inputText":"A.2","font":{"fontName":"SansSerif.plain","style":0,"size":10},"noBreak":false,"color":{"argb":"ff000000"},"placement":"FREE","horizontalPlacement":"FREE","verticalPlacement":"FREE","showLabel":true,"shape":null,"layoutText":null}],"mainLabel":73},"orientationAtVertex":"FREE","reference":null}],"reference":null}],"reference":null},{"@id":74,"shape":null,"labelManager":{"labels":[{"type":"text","@id":75,"inputText":"50fc71bba182fb70","font":{"fontName":"SansSerif.plain","style":0,"size":10},"noBreak":false,"color":{"argb":"ff000000"},"placement":"FREE","horizontalPlacement":"FREE","verticalPlacement":"FREE","showLabel":true,"shape":null,"layoutText":null}],"mainLabel":75},"portCompositions":[{"type":"portGroup","@id":76,"ordered":false,"portCompositions":[{"type":"port","@id":77,"shape":{"type":"rectangle","xposition":"NaN","yposition":"NaN","width":"NaN","height":"NaN","color":{"argb":"ff000000"}},"labelManager":{"labels":[{"type":"text","@id":78,"inputText":"B.1","font":{"fontName":"SansSerif.plain","style":0,"size":10},"noBreak":false,"color":{"argb":"ff000000"},"placement":"FREE","horizontalPlacement":"FREE","verticalPlacement":"FREE","showLabel":true,"shape":null,"layoutText":null}],"mainLabel":78},"orientationAtVertex":"FREE","reference":null},{"type":"port","@id":79,"shape":{"type":"rectangle","xposition":"NaN","yposition":"NaN","width":"NaN","height":"NaN","color":{"argb":"ff000000"}},"labelManager":{"labels":[{"type":"text","@id":80,"inputText":"B.2","font":{"fontName":"SansSerif.plain","style":0,"size":10},"noBreak":false,"color":{"argb":"ff000000"},"placement":"FREE","horizontalPlacement":"FREE","verticalPlacement":"FREE","showLabel":true,"shape":null,"layoutText":null}],"mainLabel":80},"orientationAtVertex":"FREE","reference":null}],"reference":null}],"reference":null},{"@id":81,"shape":null,"labelManager":{"labels":[{"type":"text","@id":82,"inputText":"40e93d1a73d2bcc3","font":{"fontName":"SansSerif.plain","style":0,"size":10},"noBreak":false,"color":{"argb":"ff000000"},"placement":"FREE","horizontalPlacement":"FREE","verticalPlacement":"FREE","showLabel":true,"shape":null,"layoutText":null}],"mainLabel":82},"portCompositions":[{"type":"portGroup","@id":83,"ordered":false,"portCompositions":[{"type":"port","@id":84,"shape":{"type":"rectangle","xposition":"NaN","yposition":"NaN","width":"NaN","height":"NaN","color":{"argb":"ff000000"}},"labelManager":{"labels":[{"type":"text","@id":85,"inputText":"A.1","font":{"fontName":"SansSerif.plain","style":0,"size":10},"noBreak":false,"color":{"argb":"ff000000"},"placement":"FREE","horizontalPlacement":"FREE","verticalPlacement":"FREE","showLabel":true,"shape":null,"layoutText":null}],"mainLabel":85},"orientationAtVertex":"FREE","reference":null}],"reference":null}],"reference":null},{"@id":86,"shape":null,"labelManager":{"labels":[{"type":"text","@id":87,"inputText":"53fefb2c1f2057d8","font":{"fontName":"SansSerif.plain","style":0,"size":10},"noBreak":false,"color":{"argb":"ff000000"},"placement":"FREE","horizontalPlacement":"FREE","verticalPlacement":"FREE","showLabel":true,"shape":null,"layoutText":null}],"mainLabel":87},"portCompositions":[{"type":"portGroup","@id":88,"ordered":false,"portCompositions":[{"type":"port","@id":89,"shape":{"type":"rectangle","xposition":"NaN","yposition":"NaN","width":"NaN","height":"NaN","color":{"argb":"ff000000"}},"labelManager":{"labels":[{"type":"text","@id":90,"inputText":"B.1","font":{"fontName":"SansSerif.plain","style":0,"size":10},"noBreak":false,"color":{"argb":"ff000000"},"placement":"FREE","horizontalPlacement":"FREE","verticalPlacement":"FREE","showLabel":true,"shape":null,"layoutText":null}],"mainLabel":90},"orientationAtVertex":"FREE","reference":null}],"reference":null}],"reference":null}],"vertexGroups":[{"@id":91,"drawnFrame":false,"labelManager":{"labels":[],"mainLabel":null},"shape":null,"containedVertices":[1,6],"containedVertexGroups":[],"touchingPairs":[{"vertex0":1,"horizontalPlacementVertex0":"FREE","verticalPlacementVertex0":"TOP","vertex1":6,"horizontalPlacementVertex1":"FREE","verticalPlacementVertex1":"FREE"}],"portPairings":[{"port0":4,"port1":9}],"reference":null},{"@id":92,"drawnFrame":false,"labelManager":{"labels":[],"mainLabel":null},"shape":null,"containedVertices":[11,16],"containedVertexGroups":[],"touchingPairs":[{"vertex0":11,"horizontalPlacementVertex0":"FREE","verticalPlacementVertex0":"TOP","vertex1":16,"horizontalPlacementVertex1":"FREE","verticalPlacementVertex1":"FREE"}],"portPairings":[{"port0":14,"port1":19}],"reference":null},{"@id":93,"drawnFrame":false,"labelManager":{"labels":[],"mainLabel":null},"shape":null,"containedVertices":[21,26],"containedVertexGroups":[],"touchingPairs":[{"vertex0":21,"horizontalPlacementVertex0":"FREE","verticalPlacementVertex0":"TOP","vertex1":26,"horizontalPlacementVertex1":"FREE","verticalPlacementVertex1":"FREE"}],"portPairings":[{"port0":24,"port1":29}],"reference":null},{"@id":94,"drawnFrame":false,"labelManager":{"labels":[],"mainLabel":null},"shape":null,"containedVertices":[31,40],"containedVertexGroups":[],"touchingPairs":[{"vertex0":31,"horizontalPlacementVertex0":"FREE","verticalPlacementVertex0":"TOP","vertex1":40,"horizontalPlacementVertex1":"FREE","verticalPlacementVertex1":"FREE"}],"portPairings":[{"port0":36,"port1":45},{"port0":34,"port1":43},{"port0":38,"port1":47}],"reference":null},{"@id":95,"drawnFrame":false,"labelManager":{"labels":[],"mainLabel":null},"shape":null,"containedVertices":[49,58],"containedVertexGroups":[],"touchingPairs":[{"vertex0":49,"horizontalPlacementVertex0":"FREE","verticalPlacementVertex0":"TOP","vertex1":58,"horizontalPlacementVertex1":"FREE","verticalPlacementVertex1":"FREE"}],"portPairings":[{"port0":52,"port1":61},{"port0":54,"port1":63},{"port0":56,"port1":65}],"reference":null},{"@id":96,"drawnFrame":false,"labelManager":{"labels":[],"mainLabel":null},"shape":null,"containedVertices":[67,74],"containedVertexGroups":[],"touchingPairs":[{"vertex0":67,"horizontalPlacementVertex0":"FREE","verticalPlacementVertex0":"FREE","vertex1":74,"horizontalPlacementVertex1":"FREE","verticalPlacementVertex1":"FREE"}],"portPairings":[{"port0":70,"port1":77},{"port0":72,"port1":79}],"reference":null},{"@id":97,"drawnFrame":false,"labelManager":{"labels":[],"mainLabel":null},"shape":null,"containedVertices":[81,86],"containedVertexGroups":[],"touchingPairs":[{"vertex0":81,"horizontalPlacementVertex0":"FREE","verticalPlacementVertex0":"FREE","vertex1":86,"horizontalPlacementVertex1":"FREE","verticalPlacementVertex1":"FREE"}],"portPairings":[{"port0":84,"port1":89}],"reference":null}],"edges":[{"@id":98,"ports":[4,19],"labelManager":{"innerLabels":[{"type":"text","@id":99,"inputText":"f927543748f940b9","font":{"fontName":"SansSerif.plain","style":0,"size":10},"noBreak":false,"color":{"argb":"ff000000"},"placement":"FREE","horizontalPlacement":"FREE","verticalPlacement":"FREE","showLabel":true,"shape":null,"layoutText":null}],"allPortLabels":[],"mainLabel":99},"thickness":-1.0,"color":{"argb":"ff000000"},"paths":[],"reference":null},{"@id":100,"ports":[24,65],"labelManager":{"innerLabels":[{"type":"text","@id":101,"inputText":"8e98bce7eedf39f4","font":{"fontName":"SansSerif.plain","style":0,"size":10},"noBreak":false,"color":{"argb":"ff000000"},"placement":"FREE","horizontalPlacement":"FREE","verticalPlacement":"FREE","showLabel":true,"shape":null,"layoutText":null}],"allPortLabels":[],"mainLabel":101},"thickness":-1.0,"color":{"argb":"ff000000"},"paths":[],"reference":null},{"@id":102,"ports":[9,77],"labelManager":{"innerLabels":[{"type":"text","@id":103,"inputText":"368eb86dca3edc52","font":{"fontName":"SansSerif.plain","style":0,"size":10},"noBreak":false,"color":{"argb":"ff000000"},"placement":"FREE","horizontalPlacement":"FREE","verticalPlacement":"FREE","showLabel":true,"shape":null,"layoutText":null}],"allPortLabels":[],"mainLabel":103},"thickness":-1.0,"color":{"argb":"ff000000"},"paths":[],"reference":null},{"@id":104,"ports":[79,89],"labelManager":{"innerLabels":[{"type":"text","@id":105,"inputText":"15274550c52c3e9b","font":{"fontName":"SansSerif.plain","style":0,"size":10},"noBreak":false,"color":{"argb":"ff000000"},"placement":"FREE","horizontalPlacement":"FREE","verticalPlacement":"FREE","showLabel":true,"shape":null,"layoutText":null}],"allPortLabels":[],"mainLabel":105},"thickness":-1.0,"color":{"argb":"ff000000"},"paths":[],"reference":null},{"@id":106,"ports":[4,45],"labelManager":{"innerLabels":[{"type":"text","@id":107,"inputText":"60062075e33cf699","font":{"fontName":"SansSerif.plain","style":0,"size":10},"noBreak":false,"color":{"argb":"ff000000"},"placement":"FREE","horizontalPlacement":"FREE","verticalPlacement":"FREE","showLabel":true,"shape":null,"layoutText":null}],"allPortLabels":[],"mainLabel":107},"thickness":-1.0,"color":{"argb":"ff000000"},"paths":[],"reference":null},{"@id":108,"ports":[36,52],"labelManager":{"innerLabels":[{"type":"text","@id":109,"inputText":"18427228862521a2","font":{"fontName":"SansSerif.plain","style":0,"size":10},"noBreak":false,"color":{"argb":"ff000000"},"placement":"FREE","horizontalPlacement":"FREE","verticalPlacement":"FREE","showLabel":true,"shape":null,"layoutText":null}],"allPortLabels":[],"mainLabel":109},"thickness":-1.0,"color":{"argb":"ff000000"},"paths":[],"reference":null},{"@id":110,"ports":[38,63,56],"labelManager":{"innerLabels":[{"type":"text","@id":111,"inputText":"60b0cbf4c1405dd7","font":{"fontName":"SansSerif.plain","style":0,"size":10},"noBreak":false,"color":{"argb":"ff000000"},"placement":"FREE","horizontalPlacement":"FREE","verticalPlacement":"FREE","showLabel":true,"shape":null,"layoutText":null}],"allPortLabels":[],"mainLabel":111},"thickness":-1.0,"color":{"argb":"ff000000"},"paths":[],"reference":null},{"@id":112,"ports":[34,54,29],"labelManager":{"innerLabels":[{"type":"text","@id":113,"inputText":"27328db55df6361b","font":{"fontName":"SansSerif.plain","style":0,"size":10},"noBreak":false,"color":{"argb":"ff000000"},"placement":"FREE","horizontalPlacement":"FREE","verticalPlacement":"FREE","showLabel":true,"shape":null,"layoutText":null}],"allPortLabels":[],"mainLabel":113},"thickness":-1.0,"color":{"argb":"ff000000"},"paths":[],"reference":null},{"@id":114,"ports":[61,47],"labelManager":{"innerLabels":[{"type":"text","@id":115,"inputText":"6afc537f275992c4","font":{"fontName":"SansSerif.plain","style":0,"size":10},"noBreak":false,"color":{"argb":"ff000000"},"placement":"FREE","horizontalPlacement":"FREE","verticalPlacement":"FREE","showLabel":true,"shape":null,"layoutText":null}],"allPortLabels":[],"mainLabel":115},"thickness":-1.0,"color":{"argb":"ff000000"},"paths":[],"reference":null}],"edgeBundles":[]}